"Timestamp","Ki seks ou ?","Ki tranch laj ou ?","Nan ki depatman wap viv ? (Si'w pap viv ayiti ajoute non peyi wap viv lan)","Ki nivo etid ou ?","Eske'w f√® nouvo kat d√®mal√≤g (Kat idantifikasyon) ou an deja ?","Eske'w vote deja ?","Dapr√® ou menm, pou ki rezon ou panse on moun pa al vote ?","Pou ki rezon ou panse on moun sipoze al vote ?","Eske ou pral vote ane sa ?","Eske ou panse eleksyon sila ap pote chanjman nan peyi a ?"
"2021/05/14 1:56:20 pm GMT-4","Gason","Ant 18 ak 24 lane","N√≤","Pwofesyon√®l","Wi","Non","Pou ensekirite ki genyen nan peyi a;Politisyen nou yo pa serye;Mwen pa enterese avek bagay konsa","Le'w vote se yon op√≤tinite pou chanjman;Pou kob gaz kapab desann","Non","Wi"
"2021/05/14 2:09:27 pm GMT-4","Gason","Ant 25 ak 34 lane","Lw√®s","Iniv√®sit√®","Wi","Non","Pou ensekirite ki genyen nan peyi a;Politisyen nou yo pa serye","Le'w vote se yon op√≤tinite pou chanjman;Pou kob gaz kapab desann;Chak grenn v√≤t konte !;Pou nou konbat lamiz√®;Pou enkouraje chanjman","Non","Non"
"2021/05/14 2:10:19 pm GMT-4","Gason","Ant 25 ak 34 lane","Lw√®s","Iniv√®sit√®","Non","Non","Mwen pa enterese avek bagay konsa","Le'w vote se yon op√≤tinite pou chanjman;Chak grenn v√≤t konte !","Non","Non"
"2021/05/14 2:37:36 pm GMT-4","Gason","Ant 25 ak 34 lane","N√≤","Iniv√®sit√®","Wi","Non","Pou ensekirite ki genyen nan peyi a;Politisyen nou yo pa serye","Le'w vote se yon op√≤tinite pou chanjman;Chak grenn v√≤t konte !","Non","Non"
"2021/05/14 2:42:01 pm GMT-4","Gason","Ant 25 ak 34 lane","Latibonit","Iniv√®sit√®","Wi","Wi","Pou ensekirite ki genyen nan peyi a","Le'w vote se yon op√≤tinite pou chanjman","Non","Non"
"2021/05/14 9:32:24 pm GMT-4","Fi","Ant 18 ak 24 lane","Latibonit","Iniv√®sit√®","Wi","Wi","Politisyen nou yo pa serye","Le'w vote se yon op√≤tinite pou chanjman","Non","Non"
"2021/05/14 10:45:35 pm GMT-4","Fi","Ant 18 ak 24 lane","Lw√®s","Iniv√®sit√®","Wi","Non","Politisyen nou yo pa serye","Le'w vote se yon op√≤tinite pou chanjman","Non","Non"
"2021/05/16 10:18:06 am GMT-4","Gason","Ant 25 ak 34 lane","N√≤","Iniv√®sit√®","Wi","Non","Politisyen nou yo pa serye","Le'w vote se yon op√≤tinite pou chanjman;Pou kob gaz kapab desann;Chak grenn v√≤t konte !;Pou nou konbat lamiz√®","Non","Non"
"2021/05/16 10:23:00 am GMT-4","Fi","Ant 15 ak 17 lane","Lw√®s","Segond√®","Non","Non","Pou ensekirite ki genyen nan peyi a;Politisyen nou yo pa serye;Mwen pa enterese avek bagay konsa","Le'w vote se yon op√≤tinite pou chanjman","Non","Non"
"2021/05/16 10:26:31 am GMT-4","Gason","Ant 25 ak 34 lane","Lw√®s","Iniv√®sit√®","Wi","Non","Pou ensekirite ki genyen nan peyi a;Politisyen nou yo pa serye","Le'w vote se yon op√≤tinite pou chanjman;Pou kob gaz kapab desann;Chak grenn v√≤t konte !;Pou nou konbat lamiz√®","Non","Non"
"2021/05/16 10:27:16 am GMT-4","Gason","Ant 18 ak 24 lane","Lw√®s","Iniv√®sit√®","Wi","Non","Pou ensekirite ki genyen nan peyi a;Politisyen nou yo pa serye","Le'w vote se yon op√≤tinite pou chanjman;Chak grenn v√≤t konte !;Pou nou konbat lamiz√®","Non","Wi"
"2021/05/16 10:29:09 am GMT-4","Gason","Ant 18 ak 24 lane","Sid","Iniv√®sit√®","Non","Wi","Pou ensekirite ki genyen nan peyi a","Chak grenn v√≤t konte !","Non","Non"
"2021/05/16 10:30:00 am GMT-4","Gason","Ant 25 ak 34 lane","Lw√®s","Iniv√®sit√®","Wi","Non","Pou ensekirite ki genyen nan peyi a;Politisyen nou yo pa serye","Le'w vote se yon op√≤tinite pou chanjman","Non","Non"
"2021/05/16 10:33:05 am GMT-4","Gason","Ant 18 ak 24 lane","Lw√®s","Iniv√®sit√®","Wi","Non","Politisyen nou yo pa serye","Chak grenn v√≤t konte !","Wi","Wi"
"2021/05/16 10:35:49 am GMT-4","Gason","Ant 25 ak 34 lane","N√≤","Iniv√®sit√®","Wi","Non","Pou ensekirite ki genyen nan peyi a;Politisyen nou yo pa serye;Neg leta yo tro vol√®","Chak grenn v√≤t konte !","Non","Non"
"2021/05/16 10:41:06 am GMT-4","Gason","Ant 25 ak 34 lane","Sid√®s","Iniv√®sit√®","Wi","Non","Politisyen nou yo pa serye","Le'w vote se yon op√≤tinite pou chanjman","Non","Non"
"2021/05/16 10:43:18 am GMT-4","Gason","Ant 18 ak 24 lane","Lw√®s","Iniv√®sit√®","Wi","Non","Pou ensekirite ki genyen nan peyi a;Politisyen nou yo pa serye","Le'w vote se yon op√≤tinite pou chanjman;Chak grenn v√≤t konte !","Non","Wi"
"2021/05/16 10:49:18 am GMT-4","Fi","Ant 18 ak 24 lane","Lw√®s","Pwofesyon√®l","Non","Non","Politisyen nou yo pa serye;Mwen pa enterese avek bagay konsa","Le'w vote se yon op√≤tinite pou chanjman;Chak grenn v√≤t konte !","Non","Non"
"2021/05/16 10:55:41 am GMT-4","Fi","Ant 35 ak 44 lane","Lw√®s","Segond√®","Wi","Wi","Politisyen nou yo pa serye","Chak grenn v√≤t konte !","Wi","Non"
"2021/05/16 11:09:42 am GMT-4","Fi","Ant 25 ak 34 lane","Canada","Iniv√®sit√®","Non","Non","Pou ensekirite ki genyen nan peyi a;Politisyen nou yo pa serye","Le'w vote se yon op√≤tinite pou chanjman","Non","Non"
"2021/05/16 11:15:56 am GMT-4","Gason","Ant 18 ak 24 lane","Lw√®s","Iniv√®sit√®","Wi","Non","Politisyen nou yo pa serye","Le'w vote se yon op√≤tinite pou chanjman","Wi","Non"
"2021/05/16 11:56:20 am GMT-4","Fi","Ant 25 ak 34 lane","Lw√®s","Iniv√®sit√®","Wi","Non","Pou ensekirite ki genyen nan peyi a;Politisyen nou yo pa serye","Le'w vote se yon op√≤tinite pou chanjman","Non","Non"
"2021/05/16 12:01:24 pm GMT-4","Fi","Ant 35 ak 44 lane","Latibonit","Segond√®","Wi","Wi","Pou ensekirite ki genyen nan peyi a;Politisyen nou yo pa serye","Le'w vote se yon op√≤tinite pou chanjman;Chak grenn v√≤t konte !","Wi","Non"
"2021/05/16 12:13:21 pm GMT-4","Gason","Ant 35 ak 44 lane","Lw√®s","Pwofesyon√®l","Wi","Non","Mwen pa enterese avek bagay konsa","Le'w vote se yon op√≤tinite pou chanjman","Non","Non"
"2021/05/16 12:19:05 pm GMT-4","Gason","Ant 18 ak 24 lane","Lw√®s","Iniv√®sit√®","Wi","Non","Politisyen nou yo pa serye","Le'w vote se yon op√≤tinite pou chanjman;Pou kob gaz kapab desann;Chak grenn v√≤t konte !;Pou nou konbat lamiz√®","Non","Non"
"2021/05/16 12:20:06 pm GMT-4","Fi","Ant 18 ak 24 lane","Lw√®s","Iniv√®sit√®","Non","Non","Paske li pa jwenn entere ni nan sa l'ap gade ni nan sa l'ap tande, Moun ki swadizan vle reprezante l yo pa kalifye alevwa pou yo ta serye li prefere pa vote tan poul konnen li te patisipe nan simagri k'ap antere peyi l  ","Se Yon devwa sivik ou ranpli","Non","Non"
"2021/05/16 12:25:06 pm GMT-4","Fi","Ant 18 ak 24 lane","Lw√®s","Iniv√®sit√®","Wi","Non","Pou ensekirite ki genyen nan peyi a;Politisyen nou yo pa serye","Le'w vote se yon op√≤tinite pou chanjman;Pou kob gaz kapab desann;Chak grenn v√≤t konte !;Pou nou konbat lamiz√®;Pou nou retire Jonevel Moise sou pouvwa, li pap regle anyen serye","Non","Wi"
"2021/05/16 12:28:07 pm GMT-4","Fi","Ant 35 ak 44 lane","Lw√®s","Pwofesyon√®l","Wi","Wi","Pou ensekirite ki genyen nan peyi a","Le'w vote se yon op√≤tinite pou chanjman","Non","Wi"
"2021/05/16 12:31:12 pm GMT-4","Gason","Ant 18 ak 24 lane","Sant","Iniv√®sit√®","Wi","Non","Mwen pa enterese avek bagay konsa","Chak grenn v√≤t konte !","Non","Non"
"2021/05/16 12:35:22 pm GMT-4","Gason","Ant 15 ak 17 lane","Lw√®s","Segond√®","Non","Non","Pou ensekirite ki genyen nan peyi a;Politisyen nou yo pa serye","Chak grenn v√≤t konte !","Non","Wi"
"2021/05/16 12:57:49 pm GMT-4","Fi","Ant 25 ak 34 lane","Lw√®s","Pwofesyon√®l","Wi","Non","Politisyen nou yo pa serye","Chak grenn v√≤t konte !;Pou nou konbat lamiz√®","Non","Wi"
"2021/05/16 12:58:51 pm GMT-4","Gason","Ant 25 ak 34 lane","N√≤","Pwofesyon√®l","Wi","Non","Pou ensekirite ki genyen nan peyi a;Politisyen nou yo pa serye;Mwen pa enterese avek bagay konsa;Mwen pa gen tan poum pedi","Le'w vote se yon op√≤tinite pou chanjman;Pou kob gaz kapab desann;Chak grenn v√≤t konte !;Pou nou konbat lamiz√®","Non","Non"
"2021/05/16 1:01:10 pm GMT-4","Gason","Ant 18 ak 24 lane","N√≤","Iniv√®sit√®","Wi","Non","Pou ensekirite ki genyen nan peyi a","Le'w vote se yon op√≤tinite pou chanjman;Chak grenn v√≤t konte !","Non","Wi"
"2021/05/16 1:02:16 pm GMT-4","Fi","Ant 18 ak 24 lane","Lw√®s","Segond√®","Wi","Non","Politisyen nou yo pa serye","Chak grenn v√≤t konte !","Non","Non"
"2021/05/16 1:04:22 pm GMT-4","Gason","Ant 35 ak 44 lane","Sid","Pwofesyon√®l","Wi","Wi","Pou ensekirite ki genyen nan peyi a;Politisyen nou yo pa serye","Pou retire Jovenel sou pouvwa","Wi","Wi"
"2021/05/16 1:19:47 pm GMT-4","Gason","Ant 35 ak 44 lane","Lw√®s","Pwofesyon√®l","Wi","Wi","Pou ensekirite ki genyen nan peyi a;Politisyen nou yo pa serye","Chak grenn v√≤t konte !","Non","Non"
"2021/05/16 1:22:52 pm GMT-4","Fi","Ant 18 ak 24 lane","Lw√®s","Iniv√®sit√®","Wi","Non","Politisyen nou yo pa serye","Le'w vote se yon op√≤tinite pou chanjman","Non","Non"
"2021/05/16 2:09:19 pm GMT-4","Gason","Ant 18 ak 24 lane","Latibonit","Segond√®","Non","Non","Politisyen nou yo pa serye","Le'w vote se yon op√≤tinite pou chanjman","Non","Non"
"2021/05/16 2:24:33 pm GMT-4","Fi","Ant 25 ak 34 lane","Sant","Iniv√®sit√®","Wi","Non","Mwen pa enterese avek bagay konsa","Pou kob gaz kapab desann","Non","Non"
"2021/05/16 2:25:31 pm GMT-4","Fi","Ant 35 ak 44 lane","Sant","Prim√®","Wi","Wi","tout moun dwe vote","Le'w vote se yon op√≤tinite pou chanjman;Pou kob gaz kapab desann;Chak grenn v√≤t konte !;Pou nou konbat lamiz√®","Wi","Wi"
"2021/05/16 2:51:53 pm GMT-4","Gason","Ant 35 ak 44 lane","Latibonit","Iniv√®sit√®","Wi","Non","Pou ensekirite ki genyen nan peyi a","Chak grenn v√≤t konte !","Non","Non"
"2021/05/16 2:52:25 pm GMT-4","Fi","Ant 25 ak 34 lane","Latibonit","","Wi","Non","Pou ensekirite ki genyen nan peyi a;Politisyen nou yo pa serye","Pou nou konbat lamiz√®","Non","Non"
"2021/05/16 2:54:25 pm GMT-4","Fi","Ant 25 ak 34 lane","N√≤","","Wi","Non","Pou ensekirite ki genyen nan peyi a;Politisyen nou yo pa serye","Le'w vote se yon op√≤tinite pou chanjman;Pou kob gaz kapab desann;Chak grenn v√≤t konte !;Pou nou konbat lamiz√®;pou yon lavi miyo","Non","Wi"
"2021/05/16 2:54:57 pm GMT-4","Fi","Ant 18 ak 24 lane","Lw√®s","Segond√®","Wi","Non","Pou ensekirite ki genyen nan peyi a;Politisyen nou yo pa serye;Mwen pa enterese avek bagay konsa","Le'w vote se yon op√≤tinite pou chanjman;Pou kob gaz kapab desann;Chak grenn v√≤t konte !;Pou nou konbat lamiz√®","Non","Non"
"2021/05/16 2:56:03 pm GMT-4","Gason","Ant 35 ak 44 lane","Latibonit","Iniv√®sit√®","Wi","Wi","Politisyen nou yo pa serye","Le'w vote se yon op√≤tinite pou chanjman;Pou kob gaz kapab desann;Chak grenn v√≤t konte !;Pou nou konbat lamiz√®","Non","Wi"
"2021/05/16 3:00:41 pm GMT-4","Fi","Ant 25 ak 34 lane","Lw√®s","Pwofesyon√®l","Wi","Non","Pou ensekirite ki genyen nan peyi a;Politisyen nou yo pa serye;nou soufri trop","Le'w vote se yon op√≤tinite pou chanjman;Pou kob gaz kapab desann;Chak grenn v√≤t konte !;Pou nou konbat lamiz√®","Non","Wi"
"2021/05/16 5:26:22 pm GMT-4","Gason","Ant 25 ak 34 lane","Lw√®s","Iniv√®sit√®","Wi","Non","Pou ensekirite ki genyen nan peyi a;Politisyen nou yo pa serye","Chak grenn v√≤t konte !","Non","Non"
"2021/05/16 5:29:28 pm GMT-4","Fi","Ant 18 ak 24 lane","N√≤","Iniv√®sit√®","Wi","Non","Pou ensekirite ki genyen nan peyi a;Politisyen nou yo pa serye","Le'w vote se yon op√≤tinite pou chanjman;Pou nou konbat lamiz√®","Non","Wi"
"2021/05/16 5:35:12 pm GMT-4","Gason","Ant 35 ak 44 lane","Lw√®s","","Wi","Non","Politisyen nou yo pa serye","Le'w vote se yon op√≤tinite pou chanjman;Pou kob gaz kapab desann;Chak grenn v√≤t konte !","Non","Non"
"2021/05/16 5:41:01 pm GMT-4","Gason","Ant 25 ak 34 lane","N√≤","Pwofesyon√®l","Wi","Non","Politisyen nou yo pa serye","Le'w vote se yon op√≤tinite pou chanjman","Non","Wi"
"2021/05/16 5:42:00 pm GMT-4","Fi","Ant 45 ak 54 lane","Lw√®s","Pwofesyon√®l","Wi","Wi","Pou ensekirite ki genyen nan peyi a;Politisyen nou yo pa serye","Le'w vote se yon op√≤tinite pou chanjman;Pou kob gaz kapab desann;Chak grenn v√≤t konte !;Pou nou konbat lamiz√®","Wi","Wi"
"2021/05/16 5:44:58 pm GMT-4","Gason","Ant 18 ak 24 lane","Sant","","Wi","Wi","Pou ensekirite ki genyen nan peyi a","Le'w vote se yon op√≤tinite pou chanjman;Pou nou konbat lamiz√®","Non","Non"
"2021/05/16 5:52:11 pm GMT-4","Gason","Ant 25 ak 34 lane","Lw√®s","Pwofesyon√®l","Wi","Non","Pou ensekirite ki genyen nan peyi a;Politisyen nou yo pa serye;Espwa peyi an e. Nan grenn vote ou an li ye","Chak grenn v√≤t konte !","Wi","Wi"
"2021/05/16 6:06:07 pm GMT-4","Gason","Ant 18 ak 24 lane","Lw√®s","Pwofesyon√®l","Wi","Non","Pou ensekirite ki genyen nan peyi a;Politisyen nou yo pa serye","Le'w vote se yon op√≤tinite pou chanjman","Non","Wi"
"2021/05/16 6:13:59 pm GMT-4","Gason","Ant 25 ak 34 lane","Lw√®s","Pwofesyon√®l","Wi","Non","Mwen pa enterese avek bagay konsa","Le'w vote se yon op√≤tinite pou chanjman;Pou kob gaz kapab desann;Chak grenn v√≤t konte !;Pou nou konbat lamiz√®;Nou bezwen yon bo chanjman","Non","Non"
"2021/05/16 6:21:54 pm GMT-4","Gason","Ant 25 ak 34 lane","Lw√®s","Pwofesyon√®l","Wi","Non","Pou ensekirite ki genyen nan peyi a;Politisyen nou yo pa serye;Mwen pa enterese avek bagay konsa","Le'w vote se yon op√≤tinite pou chanjman;Pou kob gaz kapab desann;Chak grenn v√≤t konte !;Pou nou konbat lamiz√®","Non","Wi"
"2021/05/16 6:22:53 pm GMT-4","Gason","Ant 25 ak 34 lane","N√≤","Pwofesyon√®l","Wi","Non","Pou ensekirite ki genyen nan peyi a;Politisyen nou yo pa serye","Le'w vote se yon op√≤tinite pou chanjman;Pou kob gaz kapab desann","Non","Non"
"2021/05/16 6:31:56 pm GMT-4","Gason","Ant 25 ak 34 lane","Lw√®s","","Wi","Non","Pou ensekirite ki genyen nan peyi a;Politisyen nou yo pa serye;Mwen pa enterese avek bagay konsa","Le'w vote se yon op√≤tinite pou chanjman;Pou kob gaz kapab desann;Chak grenn v√≤t konte !;Pou nou konbat lamiz√®","Wi","Non"
"2021/05/16 6:40:19 pm GMT-4","Gason","Ant 18 ak 24 lane","Lw√®s","Pwofesyon√®l","Wi","Non","Mwen pa enterese avek bagay konsa","Le'w vote se yon op√≤tinite pou chanjman","Wi","Wi"
"2021/05/16 6:45:02 pm GMT-4","Gason","Ant 45 ak 54 lane","N√≤","Pwofesyon√®l","Wi","Wi","Politisyen nou yo pa serye","Le'w vote se yon op√≤tinite pou chanjman","Wi","Wi"
"2021/05/16 6:48:30 pm GMT-4","Gason","Ant 18 ak 24 lane","Lw√®s","Pwofesyon√®l","Wi","Non","Pou ensekirite ki genyen nan peyi a;Politisyen nou yo pa serye","Le'w vote se yon op√≤tinite pou chanjman","Non","Non"
"2021/05/16 8:39:25 pm GMT-4","Gason","Ant 18 ak 24 lane","Lw√®s","Iniv√®sit√®","Wi","Non","Pou ensekirite ki genyen nan peyi a;Politisyen nou yo pa serye;Mwen pa enterese avek bagay konsa","Le'w vote se yon op√≤tinite pou chanjman;Pou kob gaz kapab desann;Chak grenn v√≤t konte !;Pou nou konbat lamiz√®","Non","Non"
"2021/05/16 8:39:42 pm GMT-4","Gason","Ant 25 ak 34 lane","Lw√®s","Iniv√®sit√®","Wi","Non","Politisyen nou yo pa serye","Le'w vote se yon op√≤tinite pou chanjman;Chak grenn v√≤t konte !","Non","Non"
"2021/05/16 8:51:19 pm GMT-4","Gason","Ant 25 ak 34 lane","Latibonit","","Wi","Non","Pou ensekirite ki genyen nan peyi a;Politisyen nou yo pa serye","Le'w vote se yon op√≤tinite pou chanjman","Non","Wi"
"2021/05/16 8:52:23 pm GMT-4","Fi","Ant 25 ak 34 lane","Canada","Pwofesyon√®l","Non","Non","Pou ensekirite ki genyen nan peyi a;Politisyen nou yo pa serye","Le'w vote se yon op√≤tinite pou chanjman;Chak grenn v√≤t konte !;Pou nou konbat lamiz√®;Pou nou kapab gen on bel ayiti","Non","Wi"
"2021/05/16 8:54:50 pm GMT-4","Fi","Ant 18 ak 24 lane","Lw√®s","Iniv√®sit√®","Wi","Non","Pou ensekirite ki genyen nan peyi a;Politisyen nou yo pa serye","Chak grenn v√≤t konte !","Non","Non"
"2021/05/16 8:57:03 pm GMT-4","Gason","Ant 18 ak 24 lane","Lw√®s","","Wi","Non","Pou ensekirite ki genyen nan peyi a","Le'w vote se yon op√≤tinite pou chanjman;Chak grenn v√≤t konte !;Pou nou konbat lamiz√®","Non","Non"
"2021/05/16 8:57:27 pm GMT-4","Fi","Ant 18 ak 24 lane","Lw√®s","Pwofesyon√®l","Non","Wi","Politisyen nou yo pa serye","Le'w vote se yon op√≤tinite pou chanjman;Pou nou konbat lamiz√®","Non","Wi"
"2021/05/16 8:58:47 pm GMT-4","Gason","Ant 25 ak 34 lane","Sid√®s","","Wi","Non","Politisyen nou yo pa serye","Pou nou konbat lamiz√®","Wi","Wi"
"2021/05/16 8:59:28 pm GMT-4","Gason","Ant 45 ak 54 lane","Lw√®s","Pwofesyon√®l","Wi","Wi","Pou ensekirite ki genyen nan peyi a","Pou nou konbat lamiz√®","Non","Non"
"2021/05/16 8:59:55 pm GMT-4","Gason","Ant 35 ak 44 lane","Latibonit","","Non","Non","Pou ensekirite ki genyen nan peyi a;Politisyen nou yo pa serye","Le'w vote se yon op√≤tinite pou chanjman","Non","Non"
"2021/05/16 9:00:46 pm GMT-4","Fi","Ant 45 ak 54 lane","Lw√®s","Pwofesyon√®l","Wi","Non","Mwen pa enterese avek bagay konsa","Le'w vote se yon op√≤tinite pou chanjman;Pou nou konbat lamiz√®","Non","Non"
"2021/05/16 9:01:58 pm GMT-4","Gason","Ant 18 ak 24 lane","Lw√®s","Pwofesyon√®l","Wi","Non","Politisyen nou yo pa serye","Le'w vote se yon op√≤tinite pou chanjman;Pou nou konbat lamiz√®","Wi","Wi"
"2021/05/16 9:02:17 pm GMT-4","Gason","Ant 25 ak 34 lane","N√≤d√®s","","Wi","Wi","Politisyen nou yo pa serye;Paske gen trop koripsyon nan rezilta eleksyon yo","Le'w vote se yon op√≤tinite pou chanjman;Pou nou konbat lamiz√®","Non","Non"
"2021/05/16 9:02:57 pm GMT-4","Fi","Ant 35 ak 44 lane","Lw√®s","Pwofesyon√®l","Wi","Non","Pou ensekirite ki genyen nan peyi a;Politisyen nou yo pa serye","Le'w vote se yon op√≤tinite pou chanjman;Chak grenn v√≤t konte !;Pou nou konbat lamiz√®","Non","Wi"
"2021/05/16 9:04:00 pm GMT-4","Fi","Ant 55 ak 64 lane","Lw√®s","Pwofesyon√®l","Wi","Wi","Mwen pa enterese avek bagay konsa","Pou nou konbat lamiz√®","Non","Wi"
"2021/05/16 9:04:51 pm GMT-4","Gason","Ant 25 ak 34 lane","Sant","Pwofesyon√®l","Wi","Wi","Mwen pa enterese avek bagay konsa","Le'w vote se yon op√≤tinite pou chanjman;Pou kob gaz kapab desann;Chak grenn v√≤t konte !;Pou nou konbat lamiz√®","Wi","Wi"
"2021/05/16 9:05:38 pm GMT-4","Gason","Ant 18 ak 24 lane","Sant","Segond√®","Wi","Non","Pou ensekirite ki genyen nan peyi a;Politisyen nou yo pa serye","Le'w vote se yon op√≤tinite pou chanjman","Non","Wi"
"2021/05/16 9:05:42 pm GMT-4","Gason","Ant 25 ak 34 lane","Lw√®s","Pwofesyon√®l","Wi","Non","Mwen pa enterese avek bagay konsa","Chak grenn v√≤t konte !","Wi","Wi"
"2021/05/16 9:06:45 pm GMT-4","Fi","Ant 18 ak 24 lane","Lw√®s","Pwofesyon√®l","Wi","Non","Pou ensekirite ki genyen nan peyi a","Chak grenn v√≤t konte !","Wi","Non"
"2021/05/16 9:07:44 pm GMT-4","Gason","75 lane ou plis","N√≤","","Non","Wi","Mwen pa enterese avek bagay konsa","Le'w vote se yon op√≤tinite pou chanjman;Pou kob gaz kapab desann;Chak grenn v√≤t konte !;Pou nou konbat lamiz√®","Non","Non"
"2021/05/16 9:08:47 pm GMT-4","Fi","Ant 15 ak 17 lane","Lw√®s","Segond√®","Non","Non","Politisyen nou yo pa serye","Le'w vote se yon op√≤tinite pou chanjman;Chak grenn v√≤t konte !;Pou nou konbat lamiz√®","Non","Wi"
"2021/05/16 9:11:40 pm GMT-4","Fi","Ant 65 ak 74 lane","Latibonit","Pwofesyon√®l","Wi","Wi","Paske kandida yo pa respekte pwom√®s yo","Chak grenn v√≤t konte !","Non","Wi"
"2021/05/16 9:12:54 pm GMT-4","Fi","Ant 25 ak 34 lane","Grandans","Iniv√®sit√®","Wi","Non","Mwen pa enterese avek bagay konsa","Pou nou konbat lamiz√®","Non","Non"
"2021/05/16 9:14:18 pm GMT-4","üë´","Ant 25 ak 34 lane","Sant","Iniv√®sit√®","Non","Non","Mwen pa enterese avek bagay konsa","Pou kob gaz kapab desann","Non","Non"
"2021/05/16 9:14:54 pm GMT-4","Gason","Ant 45 ak 54 lane","N√≤dw√®s","Pwofesyon√®l","Wi","Wi","Pou ensekirite ki genyen nan peyi a;Politisyen nou yo pa serye;Mwen pa enterese avek bagay konsa","Le'w vote se yon op√≤tinite pou chanjman;Pou kob gaz kapab desann;Chak grenn v√≤t konte !;Pou nou konbat lamiz√®","Wi","Non"
"2021/05/16 9:15:45 pm GMT-4","Fi","Ant 35 ak 44 lane","Sid","Pwofesyon√®l","Wi","Non","Politisyen nou yo pa serye","Pou kob gaz kapab desann","Wi","Wi"
"2021/05/16 9:19:27 pm GMT-4","Fi","Ant 55 ak 64 lane","Sid√®s","M se yon antrepren√®","Wi","Wi","Pou ensekirite ki genyen nan peyi a","Chak grenn v√≤t konte !","Non","Wi"
"2021/05/16 9:20:43 pm GMT-4","Gason","Ant 35 ak 44 lane","Lw√®s","Pwofesyon√®l","Wi","Non","Pou ensekirite ki genyen nan peyi a;Politisyen nou yo pa serye","Le'w vote se yon op√≤tinite pou chanjman;Pou kob gaz kapab desann","Non","Non"
"2021/05/16 9:21:20 pm GMT-4","Fi","Ant 45 ak 54 lane","Se New-York map viv mw vin f√® k√®k tan an Ayiti epi Corona tou pranm la donk mwen tou rete an Ayiti nan Delmas","Pwofesyon√®l","Wi","Wi","Politisyen nou yo pa serye","Chak grenn v√≤t konte !","Wi","Non"
"2021/05/16 9:25:29 pm GMT-4","üòÜIdküòÇ","Ant 18 ak 24 lane","N√≤d√®s","Iniv√®sit√®","Wi","Non","Mwen pa enterese avek bagay konsa","üòÇüòÇSe si yo vle y'al vote wi,si yo pa vle yo pa al vote oh ohüòÇüòÇ","Wi","Wi"
"2021/05/16 9:26:55 pm GMT-4","Gason","Ant 35 ak 44 lane","Sid","Iniv√®sit√®","Wi","Non","Mwen pa enterese avek bagay konsa","Paskel vle","Non","Non"
"2021/05/16 9:27:43 pm GMT-4","Gason","Ant 18 ak 24 lane","Lw√®s","Pwofesyon√®l","Wi","Non","Pou ensekirite ki genyen nan peyi a;Politisyen nou yo pa serye","Le'w vote se yon op√≤tinite pou chanjman;Pou kob gaz kapab desann;Chak grenn v√≤t konte !","Non","Non"
"2021/05/16 9:28:32 pm GMT-4","Fi","Ant 18 ak 24 lane","Nip","Segond√®","Wi","Non","Mwen pa enterese avek bagay konsa","Le'w vote se yon op√≤tinite pou chanjman;Pou kob gaz kapab desann","Non","Wi"
"2021/05/16 9:29:15 pm GMT-4","Sa nou bezwen konnen,pou n'al harnaqu√©'m sou tlf mw","Ant 55 ak 64 lane","N√≤","Pwofesyon√®l","Wi","Wi","Pou ensekirite ki genyen nan peyi a;Politisyen nou yo pa serye","Le'w vote se yon op√≤tinite pou chanjman;Pou kob gaz kapab desann;Chak grenn v√≤t konte !;Pou nou konbat lamiz√®","Non","Wi"
"2021/05/16 9:31:05 pm GMT-4","Gason","Ant 25 ak 34 lane","Sid","Iniv√®sit√®","Wi","Non","Pou ensekirite ki genyen nan peyi a;Politisyen nou yo pa serye;Mwen pa enterese avek bagay konsa","Le'w vote se yon op√≤tinite pou chanjman;Chak grenn v√≤t konte !;Pou nou konbat lamiz√®","Non","Wi"
"2021/05/16 9:33:20 pm GMT-4","Gason","Ant 18 ak 24 lane","Grandans","Segond√®","Non","Non","Mwen pa enterese avek bagay konsa","Pou kob gaz kapab desann;Pou nou konbat lamiz√®","Non","Wi"
"2021/05/16 9:34:33 pm GMT-4","Gason","Ant 55 ak 64 lane","Sid√®s","Pwofesyon√®l","Wi","Wi","Politisyen nou yo pa serye","Le'w vote se yon op√≤tinite pou chanjman","Non","Wi"
"2021/05/16 9:35:15 pm GMT-4","Fi","Ant 65 ak 74 lane","Sant","Pwofesyon√®l","Wi","Wi","Pou ensekirite ki genyen nan peyi a;Politisyen nou yo pa serye","Le'w vote se yon op√≤tinite pou chanjman;Pou nou konbat lamiz√®","Wi","Wi"
"2021/05/16 9:36:17 pm GMT-4","Gason","Ant 45 ak 54 lane","Grandans","Pwofesyon√®l","Wi","Wi","Pou ensekirite ki genyen nan peyi a","Pou kob gaz kapab desann","Wi","Wi"
"2021/05/16 9:37:06 pm GMT-4","Gason","Ant 18 ak 24 lane","Lw√®s","Pwofesyon√®l","Wi","Non","Pou ensekirite ki genyen nan peyi a","Le'w vote se yon op√≤tinite pou chanjman","Non","Non"
"2021/05/16 9:37:22 pm GMT-4","Gason","Ant 15 ak 17 lane","N√≤","Segond√®","Non","Non","Politisyen nou yo pa serye","Chak grenn v√≤t konte !","Non","Wi"
"2021/05/16 9:38:54 pm GMT-4","Fi","Ant 35 ak 44 lane","Sid√®s","M pa gen yon dj√≤b serye map f√® nan peyi sauf ke mwen pa yon fanm s√≤t","Wi","Non","Pou ensekirite ki genyen nan peyi a;Politisyen nou yo pa serye","Pou kob gaz kapab desann","Non","Wi"
"2021/05/16 9:39:30 pm GMT-4","Gason","Ant 25 ak 34 lane","Lw√®s","Pwofesyon√®l","Non","Non","Mwen pa enterese avek bagay konsa","Pou kob gaz kapab desann","Non","Non"
"2021/05/16 9:42:25 pm GMT-4","Gason","Ant 18 ak 24 lane","N√≤dw√®s","√Ä peine mwen fini l√©k√≤l...so mwen pa gen yon bgy serye map f√®","Non","Non","Pou ensekirite ki genyen nan peyi a","Le'w vote se yon op√≤tinite pou chanjman;Pou kob gaz kapab desann","Wi","Non"